,id,title,text,author,label
0,13867,"गायिका काया जोन्स ने ट्रम्प के लिए किया समर्थन, 'ताकत' के लिए जॉय विला का धन्यवाद","गायिका और डीजे काया जोन्स ने इस हफ्ते डोनाल्ड ट्रम्प को दिखाने के लिए सोशल मीडिया पर कदम रखा, जिस पर हमला करने के डर से वह पहले कभी ""पहनने में सक्षम नहीं थी"", और साथी गायक जॉय विला को खुले तौर पर मज़े के लिए अपना समर्थन देने की शक्ति देने के लिए धन्यवाद दिया अध्यक्ष। [एक इंस्टाग्राम पोस्ट में, गायिका ने विला के लिए आभार व्यक्त किया, जिसने इस सप्ताह तब सुर्खियां बटोरीं, जब उन्होंने ट्रम्प के ""मेक अमेरिका ग्रेट अगेन"" के साथ एक पोशाक पहनी, जिसने ग्रैमी को नारा दिया। जिस शर्ट पर मैं हमला करने के डर से कभी नहीं पहन पाता था। मेरे दोस्तों @joyvilla @officialandresoriano ने मुझे और 60 मिलियन अन्य अमेरिकियों को # ग्राममिस में बदल दिया। धन्यवाद! जिस चीज़ पर आप भरोसा करते हैं, उसके लिए आवाज़ उठाएं! प्यार के नाम पर val # happyvalentinesday अपनी ताकत के सम्मान में, आपने मुझे कहने की ताकत दी है कि मैं बदलाव को कथा कहूं! #unitedwestand #bringjoytothewhitehouse #trump #maga #makeamericagreatagain #andresoriano #joyvilla #kaya #wearemorethenone, Aayaya द्वारा साझा किया गया एक पोस्ट - EDM PRINCESS (@kayajones) 14 फरवरी, 2017 को सुबह 9:32 बजे, पीएसटी "" आपने मुझे यह कहने की ताकत दी है कि हम कथा बदलें! "" जोन्स ने फोटो को कैप्शन दिया। पॉप समूह द पुसीकैट डॉल्स की पूर्व सदस्य जोन्स ने बाद में विला में ग्रामीज़ के साथ मुस्कुराते हुए एक तस्वीर पोस्ट की। ""हॉलीवुड में हममें से कई लोग हैं जिन्होंने @realDonaldTrump के लिए मतदान किया है,"" उन्होंने लिखा है। ""मैं अपने दोस्त द्वारा खड़े होने पर गर्व महसूस कर रहा हूं और मेरे द्वारा उसका स्टैंड लिया है। हॉलीवुड में हममें से कई लोग हैं, जिन्होंने @realDonaldTrump के लिए मतदान किया है, मुझे अपने दोस्त द्वारा खड़े होने पर गर्व है कि मेरे पास उसका स्टैंड है। @ जोया_विला oy तस्वीर। ट्विटर। - KAYA (@KayaJones) फरवरी 16, 2017, जोन्स की प्रारंभिक तस्वीर Reddit पर वायरल हुई और समर्थकों ने गायक के ट्विटर खाते को सकारात्मक संदेशों के साथ जल्दी से भर दिया, जिसमें यह कहा गया था कि उन्होंने उसका नवीनतम एल्बम द क्रिस्टल क्रिस्टल एल्बम खरीदा है। अन्य लोगों ने उम्मीद जताई कि अधिक रूढ़िवादी कलाकार अपनी मान्यताओं को साझा करने के लिए प्रेरित हो सकते हैं। @KayaJones उम्मीद है कि आपने और जॉय ने जो बहादुरी से काम किया है, उससे हॉलीवुड की रूढ़िवादी अधिक प्रभावित होंगी। गॉड ब्लेस एंड गुड लक, - प्राउड कंजर्वेटिव (@BeardyMcJ) 18 फरवरी, 2017, @KayaJones खरीदा! !! ❤️ तस्वीर। ट्विटर। - कायरा अय्यर (@ReyerKyra) 18 फरवरी, 2017, इस बहादुरी की अधिक जानकारी। यह स्पष्ट रूप से उनकी जलवायु में आसान नहीं है, लेकिन देश को इसकी बुरी तरह से जरूरत है। @KayaJones @Joy_Villa https:। - केविन डी जोन्स (@Kevin_D_Jones) 18 फरवरी, 2017, @KayaJones @iTunes @KayaJones @iTunes हम iTunes के शीर्ष पर यू शूट करने वाले हैं। धैर्य रखें Տ - Ӎ LіӍ @ @ (@BoominTm) 18 फरवरी, 2017, इस सप्ताह उनकी उपस्थिति के बाद, जॉय विला के 2014 एल्बम आई मेक द स्टैटिक ने अमेज़ॅन और आईट्यून्स की बिक्री चार्ट को शूट किया, लेडी गागा और बेयोंसे जैसे कलाकारों से एल्बमों को पछाड़ दिया। शो के बाद Breitbart News के साथ एक साक्षात्कार में, विला ने कहा कि उसने ""हमें एक साथ लाने और एक संवाद शुरू करने के प्रयास में पोशाक पहनी थी। """" हे की तरह, शायद अगर उसे गर्व है कि वह क्या विश्वास करती है, तो शायद मैं उसे अकेला छोड़ दूं। शायद मैं अपने दोस्त को अकेला छोड़ दूं। शायद मैं अपने भाई को अकेला छोड़ दूं। शायद मैं वास्तव में उन्हें अभी भी प्यार कर सकता हूं, भले ही वे मेरी राजनीति से असहमत हों। जो हमें चाहिए। थोड़ी सहिष्णुता, ”विला ने कहा। ट्विटर पर डैनियल Nussbaum का पालन करें: @dznussbaum",डैनियल नुसबम,0
1,13868,रवेन्स के मालिक स्टीव बिसियोट्टी: एनएफएल को पानी देने योग्य बनाने के लिए विज्ञापनों में कटौती करें - ब्रेइटबार्ट,"""यह होने वाला नहीं है"" विभाग से, बाल्टीमोर रेवेन्स के मालिक स्टीव बिसकोटी चाहते हैं कि लीग एनएफएल टीवी प्रसारणों पर दिखाए जाने वाले विज्ञापनों की संख्या को कम कर दे। [अरबपति का मानना ​​है कि एनएफएल गेम के दौरान प्रदर्शित होने वाले विज्ञापनों की अत्यधिक संख्या प्रशंसकों को अलग-थलग कर देती है। उन्हें कम करके, बिसियोट्टी का तर्क है, दर्शकों के आनंद को बढ़ाएगा और प्रशंसकों को उनके रहने वाले कमरे के सोफे के खेल के समय पर वापस लाएगा। बिसियोट्टी ने रेवेन्स सीज़न की समीक्षा प्रेस कॉन्फ्रेंस में कहा, ""यह समझ में नहीं आता है कि कोई भी दो मिनट के विज्ञापनों को नहीं देखना चाहता, वापस आना, गेंद को किक करना और फिर कई विज्ञापनों में जाना। कमिश्नर रोजर गुडेल और अन्य मालिकों के कम राजस्व में होने की संभावना नहीं है, यह सच में बिस्सिकी द्वारा संबोधित नहीं किया गया है। हालांकि, यह स्वीकार करते हैं कि खिलाड़ियों को सबसे कठिन मारा जा सकता है, यह कहते हुए, ""इसका मतलब आय में कमी हो सकती है, लेकिन यह खिलाड़ियों को हिट करने के लिए खिलाड़ियों को हिट करने की तुलना में अधिक महत्वपूर्ण है। जाहिर है, फ्रेंचाइजी राजस्व हानि का सामना करने के परिणामस्वरूप, खिलाड़ी अनुबंध प्रभावित होंगे। एनबीसी के प्रो फुटबॉल टॉक में माइकल डेविड स्मिथ का सुझाव है कि अगर कम विज्ञापन अधिक दर्शकों की संख्या में लाएंगे, तो प्रायोजक प्रति वाणिज्यिक के हिसाब से अधिक शुल्क ले सकते हैं, कम मात्रा की भरपाई कर सकते हैं। इस वर्ष एनएफएल की रेटिंग में गिरावट एक गर्म विषय साबित होता है। कुछ ने 2016 के राष्ट्रपति चुनावों को कम दर्शकों की संख्या के लिए दोषी ठहराया, जबकि अन्य खिलाड़ियों ने राष्ट्रगान के लिए खड़े होने से इनकार करते हुए विरोध किया। रेटिंग में गिरावट के अन्य कारक, स्मिथ सुझाव देते हैं, ""रेफरी, खिलाड़ियों के मुद्दे, खिलाड़ी के जश्न पर दरार, बड़ी हिट (और बड़ी हिट की कमी) शामिल हैं। ""जो भी कारण हो, बिसकोटी कहते हैं,"" हमें यह पता लगाने के लिए मिला है कि ...। सब कुछ मेज पर है, और अगर हमें एबीसी और एनबीसी पर जाना है और कहना है कि हमें कुछ विज्ञापनों में कटौती करनी है और कुछ पैसे वापस देने हैं और आधे पैसे खिलाड़ी पूल में नहीं जाते हैं, शायद यही है हम करने जा रहे हैं। लेकिन हमारे खर्चों को भी उसी हिसाब से समायोजित किया जाएगा। """,रॉबर्ट जे। मार्लो,0
2,13869,टिलरसन: फिलिस्तीनी प्राधिकरण आतंकवादियों को भुगतान करने पर inian इरादा ’,"टाइम्स ऑफ इज़राइल की रिपोर्ट: वॉशिंगटन - अमेरिकी विदेश मंत्री रेक्स टिलरसन ने मंगलवार को सीनेटरों को बताया कि फिलिस्तीनी नेतृत्व ने अपनी नीति बदल दी है और इजरायल पर हमला करने या उसे मारने के लिए जेल में बंद आतंकवादियों के परिवारों को भुगतान करने से रोकने का इरादा किया है। [""उन्होंने बदल दिया है कि नीति और उनका इरादा उन लोगों के परिवारों को भुगतान को रोकना है जिन्होंने दूसरों के खिलाफ हत्या या हिंसा की है,"" टिलरसन ने कहा। ""हम उनके साथ बहुत स्पष्ट हैं कि यह [आतंकवादियों को भुगतान करने का अभ्यास] बस हमें स्वीकार्य नहीं है। अमेरिकी विदेश विभाग के बजट के बारे में सीनेट की विदेश संबंध समिति के साथ कैपिटल हिल पर एक सार्वजनिक सुनवाई के दौरान टिलरसन की टिप्पणी की गई। अमेरिकी राष्ट्रपति डोनाल्ड ट्रम्प ने राज्य विभाग के वित्त पोषण स्तर में 28. 7 प्रतिशत की कटौती का प्रस्ताव किया है। अमेरिकी विदेश नीति को आगे बढ़ाने के बारे में पूछे जाने पर, विशेष रूप से फिलीस्तीनी प्राधिकरण के आतंकवादियों को भुगतान करने की नीति से संबंधित, टिलरसन ने कहा कि उन्होंने और ट्रम्प ने वाशिंगटन और बेलेहम में हाल की बैठकों के दौरान फिलिस्तीनी प्राधिकरण के अध्यक्ष महमूद अब्बास के साथ इस मुद्दे पर चर्चा की। यहाँ और पढ़ें",ब्रेइटबार्ट जेरूसलम,0
3,13870,संतरे के लिए सेब - पहले 100 दिन की योजनाओं में कठोर अंतर (वीडियो),"राष्ट्रपति चुनाव में एक विशेष विषय उनके पहले 100 दिनों के लिए उम्मीदवार की योजना है। पहला 100 दिन का इतिहास
1933 में राष्ट्रपति फ्रैंकलिन डी। रूजवेल्ट का उद्घाटन किया गया था। इस समय के दौरान, ग्रेट डिप्रेशन कुछ वर्षों से चल रहा था।
एक-चौथाई आबादी बेरोजगार थी। रूजवेल्ट ने अपने राष्ट्रपति पद के पहले 100 दिनों के लिए एक महत्वाकांक्षी योजना बनाई। उन पहले तीन महीनों में, उन्होंने अधिक नौकरियां पाने के लिए बहुत सारे कानून पारित किए।
अब, सभी राष्ट्रपति पद के उम्मीदवार पहले 100 दिनों के लिए अपनी महत्वाकांक्षी योजनाएँ बनाते हैं। हिलेरी क्लिंटन की पहली 100 दिन की योजना
क्लिंटन की योजना औसत अमेरिकी की मदद करने के लिए डिज़ाइन की गई लगती है।
क्लिंटन विरोधी प्रतिस्पर्धी व्यापार सौदों को देखने के लिए एक ""व्यापार अभियोजक"" नियुक्त करना चाहते हैं। वह बुनियादी ढांचे में बड़ा निवेश करने के लिए कांग्रेस के साथ काम करना चाहेगी। वह आव्रजन सुधारों को लागू करना चाहती है और अमीरों पर कर बढ़ाती है।
वह एक सर्वोच्च न्यायालय के न्यायाधीश को नियुक्त करना चाहती है जो रो वी। वेड को बनाए रखने का समर्थन करती है। वह नागरिकों के यूनाइटेड को उलटने के लिए एक संवैधानिक संशोधन देखना चाहेगी। डोनाल्ड ट्रम्प की पहली 100 दिन की योजना
दूसरी ओर, ट्रम्प की योजना सभी के लिए प्रतिकूल है।
ट्रम्प ऊर्जा, जलवायु, आव्रजन, ओवरटाइम, सेवानिवृत्ति और अधिक पर राष्ट्रपति ओबामा के कई कार्यकारी आदेशों को रद्द कर देंगे। और ""आपराधिक"" आप्रवासियों को निर्वासित करना। वह संघीय सरकार में एक हायरिंग फ्रीज संस्थान स्थापित करना चाहता है।
वह मल्टी-ट्रिलियन-डॉलर टैक्स में कटौती करना चाहता है। बेशक, वह गूंगा दीवार का निर्माण करना चाहता है। वह ओबामाकेयर से छुटकारा पाना चाहता है और इसे स्वास्थ्य बचत खातों और अंतरराज्यीय बीमा विपणन से प्रतिस्थापित करना चाहता है। वह सुप्रीम कोर्ट जस्टिस को भी चुनना चाहते हैं जो कि अंत में एंटोनिन स्कैलिया की तरह हैं।
ट्रम्प ने एक संवैधानिक संशोधन लाने का भी वादा किया, लेकिन कांग्रेस के सदस्यों पर उनकी सीमाएं लागू होंगी। फिर, वह उन सभी महिलाओं के खिलाफ मुकदमा करेगी, जिनके पास यौन उत्पीड़न का आरोप लगाने के लिए अभी भी है या आगे आ सकती है।
इन दोनों उम्मीदवारों के विचार अलग-अलग हैं, जैसा कि आप बता सकते हैं, और दोनों महत्वाकांक्षी हैं।
हालांकि, हिलेरी क्लिंटन के विचार देश के लिए बेहतर हैं। डोनाल्ड ट्रम्प की योजना हमें एक मंदी में ले जाएगी। करों में कटौती केवल हमारे पास पहले से मौजूद ऋण पर जोड़ देगा। 8 नवंबर को वोट ब्लू!
  उसकी 100 दिन की योजना:
YouTube स्क्रीनशॉट के माध्यम से प्रदर्शित छवि",नताली डेली,1
4,13871,क्रेमलिन: क्लिंटन-ट्रम्प समीकरण पुतिन को पसंद नहीं करता है,"लिंक को कॉपी करें http://ar.rt.com/i5gh क्रेमलिन ने पुष्टि की कि रूसी राष्ट्रपति व्लादिमीर पुतिन किसी भी नए अमेरिकी राष्ट्रपति के साथ बातचीत के लिए तैयार हैं, बशर्ते कि ये वार्ता रूस के राष्ट्रीय हितों में हो।
रूसी राष्ट्रपति के एक प्रेस प्रवक्ता दिमित्री पेसकोव ने बुधवार, 26 अक्टूबर को कहा, “रूसी राष्ट्रपति के लिए सबसे महत्वपूर्ण बात ट्रम्प नहीं है और यह क्लिंटन नहीं है, लेकिन उनके लिए सबसे महत्वपूर्ण बात रूस के हित हैं। एक विदेशी देश के किसी भी नेता के साथ, और विशेष रूप से संयुक्त राज्य अमेरिका के राष्ट्रपति के साथ, पारस्परिक रूप से लाभप्रद द्विपक्षीय संबंधों को विकसित करने के लिए जो दोनों देशों की समृद्धि में योगदान करते हैं। ""
पेसकोव का बयान आया, अमेरिकी चुनावों में रिपब्लिकन उम्मीदवार, डोनाल्ड ट्रम्प ने अपनी टिप्पणी में कहा कि जब उन्होंने सुझाव दिया कि अगर वह चुनाव जीतते हैं तो पुतिन डेमोक्रेट हिलेरी क्लिंटन के साथ व्यवहार नहीं करना चाहेंगे।
पेसकोव ने जोर देकर कहा, ""संयुक्त राज्य अमेरिका की अध्यक्षता कौन करेगा यह सवाल पुतिन या रूस का नहीं, बल्कि अमेरिकी मतदाता का है।""
रूसी विदेश मंत्रालय: हम ""रंग क्रांति"" के लिए मास्टरमाइंड करने का आरोप लगाने के लिए वाशिंगटन की प्रतीक्षा कर रहे हैं
बदले में, उप रूसी विदेश मंत्री, सेर्गेई रयाबाकोव ने इस बात पर आश्चर्य व्यक्त किया कि वाशिंगटन ने रूस पर अमेरिका में चुनावी प्रक्रियाओं में हस्तक्षेप करने के लिए निर्देशित अपने हास्यास्पद आरोपों पर क्या कहा।
और उन्होंने जारी रखा, संयुक्त राज्य अमेरिका में डेमोक्रेटिक पार्टी के इलेक्ट्रॉनिक नेटवर्क पर रूस पर हमले के आरोपों पर टिप्पणी करना: ""साइबर हमलों को शुरू करने के आरोपों के संबंध में, रूस के लिए इस तरह के घृणा के स्तर पर अमेरिकी राजनेताओं की गिरावट को देखना दुर्भाग्यपूर्ण है।""
उन्होंने विडंबना यह है कि उन्होंने उम्मीद की थी कि अमेरिकियों को रूस में ""क्रांतियों"" के समान ""क्रांतियों"" के रूप में रूस पर आरोप लगाने के बिंदु तक पहुंचना होगा, जो कि वॉशिंगटन ने पूर्व सोवियत संघ के कई देशों में समर्थन किया।
क्लिंटन ने पहले रूस पर संयुक्त राज्य अमेरिका में चुनाव अभियान में हस्तक्षेप करने का आरोप लगाया था, ताकि वह अपने प्रतिद्वंद्वी डोनाल्ड ट्रम्प का समर्थन कर सके, ऐसे समय में जब रिपब्लिकन उम्मीदवार इन आरोपों को हास्यास्पद मानते हैं।
यह मुद्दा यूएस डेमोक्रेटिक नेशनल कमेटी के ई-मेल की हैकिंग के कारण है, क्योंकि साइट ""विकीलीक्स"" ने हाल के चुनाव अभियान की परिस्थितियों से संबंधित पार्टी के कर्मचारियों को लीक संदेश भेजने शुरू कर दिए, और इसके भीतर प्राइमरी के संदर्भ में पार्टी नेतृत्व के पूर्वाग्रह के बारे में संदेह पैदा किया, जिसे क्लिंटन ने जीता।
यह गिरावट, साइट ने क्लिंटन के प्रचार प्रमुख, जॉन पोडेस्टा को संदेश भेजना शुरू कर दिया, जिसमें कई संवेदनशील जानकारी और राज्य के पूर्व सचिव के बयान शामिल थे, जिसमें विशेष अवसरों पर उनके बयान भी शामिल थे।
साइबर हमलों के आरोपों के बावजूद, 8 नवंबर को होने वाले चुनावों से पहले, ट्रम्प और क्लिंटन के बीच दौड़ के अंतिम चरणों के दौरान रूस और उसके राष्ट्रपति का मुद्दा दृढ़ता से मौजूद है। जबकि क्लिंटन पुतिन और उनकी सीरिया नीति पर हमला करने का एक मौका नहीं छोड़ते हैं, ट्रम्प ने रूस के साथ अच्छे संबंध बनाने की अपनी तत्परता की पुष्टि की। और सीरिया पर एक समझौता की तलाश है।
अपने अंतिम बयान में, ट्रम्प ने माना कि सीरिया पर उसके लोकतांत्रिक प्रतिद्वंद्वी की योजना ""रूस के साथ सैन्य संघर्ष की संभावना के कारण"" एक तीसरे विश्व युद्ध का कारण बनेगी।
ट्रम्प ने कहा, रायटर के साथ एक साक्षात्कार में, आईएसआईएस को हराने के लिए सीरियाई राष्ट्रपति बशर अल-असद को पद छोड़ने के लिए राजी करने पर प्राथमिकता मिलती है।
स्रोत: एजेंसियां
ओक्साना श्वंदजुक ""आरटी अरबी"" चैनल पृष्ठों पर टिप्पणी सेवा का उपयोग करने के निर्देश (यहां क्लिक करें) सुर्खियों में",,1
5,13872,अलविदा जॉन किर्बी - हमें आपकी याद नहीं है ...,,द सकर,1
6,13873,"डोनाल्ड ट्रम्प के अभियान में शांत फिक्सर: उनके दामाद, जारेड कुशनर - द न्यूयॉर्क टाइम्स","अंतर्राष्ट्रीय कूटनीति सावधान अनुष्ठानों, पदानुक्रम और प्रमाणिकता की दुनिया है। लेकिन जब संयुक्त राज्य में इजरायल के राजदूत रॉन डर्मर ने डोनाल्ड जे। ट्रम्प के साथ संवाद करना चाहा, तो उन्होंने दो मौकों पर मैनहट्टन कार्यालय में एक सरकारी अनुभव, कोई राजनीतिक पृष्ठभूमि और कोई आधिकारिक शीर्षक के साथ समाप्त नहीं किया। ट्रम्प अभियान: जारेड कुशनर मिस्टर कुश्नर ने श्री डर्मर के साथ लम्बे समय तक अदालत में बातचीत की, जिसमें हिलेरी क्लिंटन के अभियान के कैरियर राजनयिकों और नीति विशेषज्ञों के साथ एक ही तरह की बातचीत करने की पूरी कोशिश की गई। एक रियल एस्टेट डेवलपर, निवेशक और अखबार के प्रकाशक, श्री कुशनर ने अभियान में अपने अधिकार को पारंपरिक रिज्यूम से नहीं, बल्कि एक वैवाहिक स्वर से प्राप्त किया। वह मि। ट्रम्प का है। फिर भी एक क्रमिक लेकिन अचूक फैशन में, श्री कुश्नर ट्रम्प के राष्ट्रपति पद के संचालन के लगभग हर पहलू में शामिल हो गए हैं, इतना कि इसके अंदर और बाहर बहुत से उन्हें एक वास्तविक अभियान प्रबंधक के रूप में देखते हैं। श्री कुश्नर, जिन्होंने श्री ट्रम्प की बेटी इवांका से विवाह किया है, ने संचार के एक आवश्यक निदेशक की भर्ती में मदद की, एक ऑनलाइन प्रणाली के निर्माण की देखरेख की और इसमें श्री ट्रम्प की कुछ नीतिगत भाषणों का मसौदा तैयार करने में हाथ था। और अब जब श्री ट्रम्प ने रिपब्लिकन नामांकन प्राप्त कर लिया है, तो श्री कुशनर एक चल रहे साथी के चयन पर उनकी काउंसलिंग कर रहे हैं। चुनावी राजनीति में अपनी भागीदारी के द्वारा, श्री कुशनेर के लिए यह एक नई और असंभावित भूमिका है, एक विशिष्ट विनम्र हार्वर्ड स्नातक, जिसके प्रमुख न्यू जर्सी परिवार ने दशकों तक डेमोक्रेट्स को बांधा और जिनके पिता की प्रतिष्ठा नष्ट हुई, अत्यधिक सार्वजनिक और अपमानजनक तरीके से। अब, शेक्सपियरियन टर्न में, मिस्टर कुश्नर पूर्व संघीय अभियोजक के साथ कंधे से कंधा मिलाकर काम कर रहे हैं, जिन्होंने 10 साल पहले ही अपने पिता, चार्ल्स कुश्नर को जेल में डाल दिया था: न्यू जर्सी के गॉव क्रिस क्रिस क्रिस्टी, जिन्हें मि। एक शीर्ष सलाहकार। श्री कुश्नर ने नियुक्ति के बारे में मूल रूप से श्री ट्रम्प की आपत्तियों पर आवाज़ उठाई थी, लेकिन श्री कुश्नर और श्री क्रिस्टी तब से सहयोगी बन गए हैं जब वे श्री ट्रम्प के अपरंपरागत अभियान पर अधिक अनुशासन लागू करने की मांग कर रहे हैं। ट्रम्प की उम्मीदवारी के बारे में श्री कुशनेर के व्यक्तित्व और जीवनी के साथ अंतर प्रतीत होता है: एक रूढ़िवादी यहूदी और होलोकॉस्ट बचे के पोते, श्री कुशनेर अब एक अभियान के केंद्र में हैं, जिसे श्वेत राष्ट्रवादियों ने गले लगाया है और। श्री कुश्नर के दोस्तों का कहना है कि उन्होंने उनके व्यवहार के बारे में उनसे कोई चिंता नहीं जताई है। शनिवार को, श्री ट्रम्प ने ट्विटर पर एक छवि पोस्ट करने के बाद एक स्टारस्ट और एक नकदी के ढेर के साथ एक छवि पोस्ट करने के बाद एक आग का गोला बनाया, जो पहले एक वेबसाइट पर दिखाई दिया था। (सोमवार को, श्री ट्रम्प ने ट्विटर पर कहा कि यह डेविड का सितारा नहीं था, बल्कि एक शेरिफ या एक सादा सितारा है।) श्री कुश्नर का मानना ​​है कि उनके यहूदी विश्वास के प्रति सम्मान ईमानदार है, उनके दोस्तों ने कहा, और मुद्दा संबोधित करने के लायक नहीं है। श्री कुश्नर की भूमिका दो दर्जन से अधिक साक्षात्कारों में वर्णित की गई थी, जिसमें उनके मित्र, सहकर्मी और अभियान के कर्मचारी सदस्य थे, जिनमें से कुछ ने नाम न छापने की शर्त पर बात की थी, ताकि वे उन इंटरैक्शन का खुलासा कर सकें जो निजी बने रहने वाले थे। श्री कुश्नर ने साक्षात्कार के लिए मना कर दिया। कई मायनों में, उन्होंने एक चौंकाने वाले छोटे संगठन में एक रिक्तता भर दी है, जो कोरी लेवांडोव्स्की के जून ouster के बाद से कोई आधिकारिक प्रबंधक नहीं है, जो श्री कुशनर ने वकालत की थी, और जो एक अभियान बनाने में बहुत पीछे रह गए हैं। लेकिन उनकी असली शक्ति, उनके दोस्तों ने कहा, श्री ट्रम्प के साथ उनके करीबी रिश्ते से उपजा है, जिन्होंने लंबे समय से राजनीतिक पेशेवरों पर परिवार की सलाह पसंद की है और जो श्री कुशनेर को खुद के एक छोटे संस्करण में देखते हैं। ""जारेड एक अद्भुत है और हम बहुत करीब हैं,"" श्री ट्रम्प ने एक बयान में कहा, ""एक बड़ा और साहसी विचारक। ""दोनों पुरुषों के लिए - और रियल एस्टेट टायकून के विशेषाधिकार प्राप्त बेटे - उनके पिता की विरासतें बड़ी हैं। श्री ट्रम्प ने ट्रम्प ऑर्गनाइजेशन की कमान संभालने के 30 से अधिक वर्षों के बाद और ग्रैंड हयात होटल और ट्रम्प टॉवर का निर्माण किया, श्री कुश्नर ने फिफ्थ एवेन्यू गगनचुंबी इमारत को खरीदने और एक विशाल कार्यालय का हिस्सा बनने के लिए अपने स्वयं के पारिवारिक साम्राज्य, कुश्नर कंपनियों का दोहन किया। ब्रुकलिन तट के पास जटिल। ""मेरे पिता ने उन सौदों को देखा जो जेरेड कर रहे थे और खुद को उन सौदों में देखा था,"" सुश्री ट्रम्प ने कहा। लेकिन समानताएं वहीं खत्म हो जाती हैं। श्री ट्रम्प अपने पिता की सफलता से आगे बढ़ने के लिए मैनहट्टन आए, श्री कुश्नर अपने परिवार के कलंकित नाम को भुनाना चाहते थे। बड़े श्री कुशनेर ने अपार्टमेंट और जमीन के साम्राज्य में परिवार के अचल संपत्ति के व्यवसाय का निर्माण किया, जब तक कि उन्हें 2005 में कर चोरी, गवाह छेड़छाड़ और अवैध अभियान दान के लिए संघीय जेल में नहीं भेजा गया, उनमें से कई डेमोक्रेटिक उम्मीदवारों के लिए। इस मामले में एक दर्दनाक और झगड़ालू परिवार का झगड़ा शामिल था: एक बिंदु पर, चार्ल्स कुश्नर ने अपने अधिकारियों के खिलाफ जवाबी कार्रवाई करने की मांग की, जो संघीय अधिकारियों के साथ सहयोग कर रहे थे, एक महिला को काम पर रखने के लिए और उसे मुठभेड़ का पता लगाने के लिए काम पर रखा। ""विले और जघन्य"" श्री क्रिस्टी, तब न्यू जर्सी के लिए संयुक्त राज्य अमेरिका के वकील थे, ने आचरण का वर्णन किया। लगभग रात भर, श्री कुशनर, 24 साल के और अभी भी लॉ स्कूल में एक छात्र, परिवार के व्यवसाय का सार्वजनिक चेहरा बन गए। सप्ताह के दिनों में, उन्होंने सप्ताहांत में निर्माण स्थलों का दौरा किया, उन्होंने जेल में अपने पिता से मिलने के लिए अलबामा की उड़ान भरी। दोनों बेहद करीब रहते हैं: सालों से, श्री कुश्नर ने एक बटुए का इस्तेमाल किया था जो उनके पिता ने जेल में बनाया था। श्री कुशनेर को अपने पिता के कारनामों के बारे में बात करना पसंद नहीं है, लेकिन उन्होंने स्पष्ट रूप से उस पर अपनी छाप छोड़ी। अपने बेटे की हाल की ब्रिस में, उसने नवजात शिशु के लिए अपनी इच्छा के बारे में बात की: ""जीवन काफी कठिन हो सकता है कि तुम बड़े हो जाओ, लेकिन इतना कठिन नहीं कि तुम टूट जाओ। 2006 में, इस घोटाले से परिवार के घाव अभी भी ताजा हैं, श्री कुशनेर ने शहर के सामाजिक, राजनीतिक और रियल एस्टेट अभिजात वर्ग के उद्देश्य से एक छोटा अखबार द न्यूयॉर्क ऑब्जर्वर खरीदा। एक प्रकाशन की संस्कृति के लिए एक अजनबी जो अमीर और शक्तिशाली की जरूरत में प्रसन्न था, उसने शुरू में कुशनर परिवार के एक पुराने दोस्त, केन बर्सन पर उतरने से पहले संपादकों की एक श्रृंखला के माध्यम से एक प्रकाशक, अलगाववादी पत्रकारों और साइकिल चलाने वाले के रूप में भड़काया। अप्रैल में, अखबार, जिसने अपने पिछले स्वामित्व के तहत श्री ट्रम्प का मजाक उड़ाया था, ने उत्साहपूर्वक अपनी अध्यक्षीय बोली का समर्थन किया। श्री कुशनर ने अभियान के निशान पर अपने समय का वर्णन एक राजनीतिक नवगीत के आश्चर्य के साथ किया है। स्प्रिंगफील्ड में पिछले साल ट्रंप की रैली से लौटने के बाद उन्होंने अपनी पत्नी से कहा, ""आपको इसे देखना होगा। महीनों तक, वह अभियान संचालक की तुलना में अधिक वफादार थे। उनकी भूमिका मुख्य रूप से उम्मीदवार के साथ खड़े होने और संभावित कॉल करने तक ही सीमित थी।"" सलाहकार और दाता। मार्च में, श्री ट्रम्प ने इजरायल और फिलिस्तीनियों के साथ व्यवहार में ""तटस्थ"" बने रहने के लिए एक अनुचित प्रतिज्ञा के साथ यहूदी नेताओं को भड़काए जाने के बाद, श्री कुशनेर अभियान में एक अनिर्दिष्ट बल के रूप में उभरे। उन्होंने गुस्से में रिपब्लिकन को उकसाने के लिए फोन पर काम किया और मिस्टर ट्रम्प से अमेरिकी इजराइल पब्लिक अफेयर्स कमेटी के सामने एक असभ्य भाषण देने का आग्रह किया, जिसे प्रभावशाली लॉबीइंग ग्रुप जिसे Aipac के नाम से जाना जाता है। श्री कुश्नर ने भी ऑब्जर्वर के संपादक श्री कुर्सन से सलाह लेने का आग्रह किया। विदेश नीति में श्री कुशनेर की पहली बड़ी पारी अड़चन के बिना दूर नहीं हुई। भाषण में एक बिंदु पर, श्री ट्रम्प ने राष्ट्रपति ओबामा का मज़ाक उड़ाया, एआईपीएसी को उन टिप्पणियों की निंदा करने के लिए प्रेरित किया। श्री कुश्नर समूह में उग्र थे, लेकिन श्री ट्रम्प की नज़र में, यह एक सफलता थी। श्री कुश्नर ने उन विशेषाधिकारों को फिर से याद किया है जो श्री ट्रम्प की कार के रूप में उनकी स्थिति हैं। मई में, जब श्री ट्रम्प हेनरी ए किसिंजर, राज्य के पूर्व सचिव के साथ मुलाकात की, श्री Kushner साथ टैग किया। कोई विस्तार बहुत छोटा नहीं लगता। मिस्टर कुश्नर श्री ट्रम्प के फेसबुक पेज पर वीडियो को क्यूरेट करने, रिपब्लिकन सम्मेलन के लिए प्रोग्रामिंग की समीक्षा करने और ऑनलाइन स्टोर जहां ट्रम्प टोपी, और मग बेचे जाते हैं, को वापस लेने में शामिल हो गए हैं। दाता, नीति विशेषज्ञ और रिपब्लिकन नेता नियमित रूप से उम्मीदवार के द्वारपाल के रूप में उनके पास पहुंचते हैं। और बढ़ती आवृत्ति के साथ, मि। ट्रम्प प्रतिक्रिया के लिए दिन भर में श्री कुश्नर की ओर रुख करते हैं। "", मैं जेरेड के साथ हूं और फोन बज जाएगा, और यह ट्रम्प को जैरेड की राय का आग्रह होगा,"" श्री कुर्सन ने कहा। श्री कुश्नर हमेशा श्री ट्रम्प के बुलावे का इंतजार नहीं करते। उन्होंने श्री ट्रम्प के तीन सबसे पुराने बच्चों के साथ, श्री लेवांडोव्स्की की बर्खास्तगी के लिए, पर्दे के पीछे धकेल दिया, जो एक ध्रुवीकरण का आंकड़ा था जो श्री ट्रम्प के प्राथमिक अभियान की देखरेख करता था और श्री कुश्नर को आंतरिक प्रतिद्वंद्वी के रूप में देखने लगा। संघर्ष के लिए अपनी प्रतीत होती अथाह भूख के साथ, मिस्टर कुश्नर सभी खातों से, और संयमित हैं। कुछ साल पहले एक कठिन अचल संपत्ति की बातचीत के बीच में, श्री कुशनेर ने एक स्टैंडऑफ के लिए एक अपरंपरागत समाधान का प्रस्ताव दिया: एक मैच। ""यह संघर्ष को हल करने के लिए एक सरल तरीका था, जब संघर्ष पहले स्थान पर होने की आवश्यकता नहीं थी,"" बातचीत में अपने समकक्ष ने कहा, वेबवर्क के संस्थापक एडम न्यूमैन, जो उद्यमियों को साझा कार्य स्थान प्रदान करते हैं। श्री कुश्नर हार गए। उन्होंने कहा, श्री न्यूमैन ने कहा, ""एक पारंपरिक न्यूयॉर्क डेवलपर के विपरीत। “लेकिन पूरी तरह से नहीं। मिस्टर कुश्नर, जिनके गाल और बच्चे का चेहरा समाज के पन्नों का एक जाल है, ने मोगल के जाल को गले लगा लिया है। वह अपनी पत्नी के साथ पार्क एवेन्यू पर एक टावर के सायबान में चले गए और फॉक्स न्यूज़ के संस्थापक रूपर्ट मर्डोक की दोस्ती की, जिनकी छोटी बेटियाँ मिस्टर कुश्नर की सुश्री ट्रम्प की शादी में फूल लड़कियाँ थीं। लेकिन श्री कुश्नर के लिए, एक अजीब वास्तविकता बनी हुई है: उनके कई दोस्त और सामाजिक रूप से उदार डेमोक्रेट्स हैं जो ट्रम्प अभियान से भयभीत हैं। श्री कुशनेर की कंपनी में विषय कमोबेश सीमित है, जो लोग वहां समय बिता चुके हैं, और पुराने दोस्तों ने कहा कि वे श्री कुशनेर की उपस्थिति में इससे बचते हैं। न्यूयॉर्क सिटी के पूर्व स्कूल चांसलर जोएल आई। क्लेन ने कहा, ""इस पर चर्चा करने का कोई उद्देश्य नहीं है, जो श्री कुश्नर और सुश्री ट्रम्प के साथ मेल खाता है। हिलेरी क्लिंटन समर्थक के रूप में, श्री क्लेन ने कहा, ""हम इस टुकड़े को अकेले छोड़ देते हैं। श्री कुशनेर के संकल्प को लेकर उनके साथियों की संशय और अस्वीकृति ने उन्हें कठोर बना दिया है। उनके साथ बात करने वाले दोस्तों ने कहा कि उन्होंने श्री ट्रम्प की शानदार चुनावी सफलता से वंचित महसूस किया, उनकी रणनीति के बारे में संदेह और उनके राजनीतिक कौशल के लिए प्रशंसा व्यक्त की। अब, मिस्टर ट्रम्प के साथ उड़ानों और अभियान कॉल और बैठकों की हड़बड़ी के बीच, श्री कुशनर अपने अचल संपत्ति साम्राज्य के लिए बहुत कम समय समर्पित कर रहे हैं। उसकी अपनी आँखें अचल संपत्ति से दूर बहाव के लिए जाना जाता है, को मंजूरी देने लगता है। ""अपनी महान व्यावसायिक सफलता के बावजूद,"" श्री ट्रम्प ने एक बयान में कहा, ""उनकी पहली प्राथमिकता है - परिवार। """,माइकल बारबरो और जोनाथन महलर,0
7,13874,मुख्य रूप में साइबरबली के रूप में ट्रम्प? यूनियन बॉस पर ट्विटर हमला आग - न्यूयॉर्क टाइम्स,"वॉशिंगटन - इंडियाना में यूनियन बॉस के रूप में तीस साल ने चक जोन्स को मोटी चमड़ी दी है। लेकिन यहां तक ​​कि उसे गोली मारने या उसके घर को जलाने की धमकी ने भी उसे संयुक्त राज्य के अगले राष्ट्रपति द्वारा मौखिक रूप से निशाना बनाने के लिए तैयार नहीं किया। जिस एक रिपब्लिकन रणनीतिकार ने ""साइबरबुलिंग"" के रूप में वर्णित किया, डोनाल्ड जे। ट्रम्प ने श्री जोन्स को ट्विटर पर निकाला, उन पर ""श्रमिकों का प्रतिनिधित्व करने वाला एक भयानक काम"" करने का आरोप लगाया और विदेशों में अमेरिकी नौकरियों को जहाज बनाने वाली कंपनियों के फैसलों के लिए उन्हें दोषी ठहराया। बुधवार की रात 7:41 बजे से ट्विटर संदेश, और एक दूसरा श्री जोन्स से ""काम करने के लिए अधिक समय बिताने - कम समय की बात करने"" का आग्रह किया, श्री ट्रम्प के डिजिटल हमलों का पैटर्न जारी रखा, उनमें से अधिकांश ने अपने राजनीतिक प्रतिद्वंद्वियों को निशाना बनाया, पत्रकारों, हॉलीवुड हस्तियों या महिला अभियुक्तों। मंगलवार सुबह, श्री ट्रम्प ने एक नए वायु सेना वन के विकास पर बढ़ती लागत के लिए बोइंग को मारने के लिए ट्विटर का उपयोग किया। लेकिन शायद ही कभी मिस्टर ट्रम्प ने यूनाइटेड स्टीलवर्कर्स लोकल 1999 के अध्यक्ष मिस्टर जोन्स जैसे लोगों पर अपना गुस्सा जाहिर करने के लिए ट्विटर का इस्तेमाल किया हो, जिन्होंने गुरुवार को खुद को 'सिर्फ एक नियमित कामकाजी आदमी' बताया था। राष्ट्रपति पद की पूरी शक्ति के साथ ही कुछ ही हफ्तों के लिए, श्री ट्रम्प द्वारा श्री जोन्स को उपहास करने के निर्णय ने इतिहासकारों और व्हाइट हाउस के दिग्गजों की निंदा की है। निकोल वेलेस, जो राष्ट्रपति जॉर्ज डब्ल्यू बुश के लिए संचार निदेशक और अन्य रिपब्लिकन के लिए एक शीर्ष रणनीतिकार थे, ने कहा, ""जब आप एक साधारण नौकरी में रहने के लिए एक आदमी पर हमला करते हैं, तो यह बदमाशी है।"" “यह साइबर हमला है। यह किसी को भंग करने की रणनीति है। यही कारण है कि अंधेरा और परेशान है। रॉबर्ट डेल्टक, एक राष्ट्रपति इतिहासकार, ने मौखिक हमले को अभूतपूर्व कहा और जोड़ा: “यह कार्यालय की गरिमा के नीचे है। वह समझ में नहीं आता है। ""सीएनएन वाशिंगटन ब्यूरो के पूर्व प्रमुख और अब जॉर्ज वॉशिंगटन विश्वविद्यालय में स्कूल ऑफ मीडिया एंड पब्लिक अफेयर्स के निदेशक फ्रैंक सेनो ने कहा, श्री ट्रम्प की उनके ट्विटर फीड को हथियार बनाने की इच्छा, विशेष रूप से उन लोगों के खिलाफ जो राजनीतिक प्रतिद्वंद्वी नहीं हैं, उत्पादन कर सकते हैं।"" सार्वजनिक रूप से राष्ट्रपति की आलोचना करने के इच्छुक लोगों पर प्रभाव डालना। ""कोई भी जो हवा में चला जाता है या सार्वजनिक हो जाता है और राष्ट्रपति को बुलाता है तो उसे इस डर से जीना पड़ता है कि वह सार्वजनिक क्षेत्र में प्रतिशोध लेने जा रहा है,"" श्री सेसो ने कहा। “इससे लोगों को बोलने से हतोत्साहित किया जा सकता है। श्री रात्रि के बाद श्री ट्रम्प का ट्विटर संदेश सीएनएन कार्यक्रम ""एरिन बर्नेट आउटफ्रंट"" पर मिस्टर जोन्स के बाद आया। मिस्टर जोन्स ने श्री ट्रम्प के दावे को चुनौती दी कि उन्होंने कैरियर कॉर्पोरेशन में इंडियाना में 1, 100 नौकरियों को विदेश भेजने से बचाया और कहा कि उनमें से 350 जॉब्स पहले से ही संयुक्त राज्य अमेरिका में रह रहे थे। जैसा कि मिस्टर जोन्स ने कहा है, एक ग्राफिक 7:20 पी पर सीएनएन की स्क्रीन पर चमकता है। म। कुछ समय का जिक्र करते हुए श्री जोंस ने सप्ताह में पहले कहा: ""कैरियर यूनियन बॉस: ट्रम्प ने अपने A ** को बंद कर दिया। श्री जोंस का साक्षात्कार समाप्त होने के 20 मिनट बाद, श्री ट्रम्प का ट्विटर संदेश दिखाई दिया। श्री जोन्स ने कहा कि वह अपने घर में वापस चला गया था और दोस्त से फोन आने पर उसने अपना कोट उतारा। ""ट्रम्प ने आपको एक ट्वीट पर हथौड़ा दिया,"" मित्र ने कहा, मिस्टर जोन्स से हंसते हुए। सीएनएन में नियंत्रण कक्ष में, आव्रजन पर एक योजनाबद्ध कहानी को खत्म कर दिया गया था, और एक बुकर प्रतिक्रिया देने के लिए मिस्टर जोन्स को हवा में वापस लाने के लिए हाथापाई कर रहा था। अपने 17 मिलियन ट्विटर फॉलोअर्स को मिस्टर ट्रम्प के संदेश ने श्री जोन्स को धमकी और अन्य परेशान करने वाले कॉल सेट कर दिए। एक कॉल करने वाले ने पांच संदेश छोड़ दिए, और स्थानीय मुख्यालय में फोन का जवाब देने वाले दो सचिवों को समान रूप से स्वाइप किया गया। ""यह लोगों को ऊपर उठा दिया,"" श्री जोन्स ने कहा। ""बहुत से लोग जिन्होंने मुझे बुलाया है और मेरे लिए बहुत अच्छा नहीं है, वे काफी स्पष्ट हैं कि वे ट्रम्प समर्थक हैं और मैं एक कृतघ्न हूं। ""श्री जोन्स ने गुरुवार को श्री ट्रम्प की आलोचना से पीछे हटने से इनकार कर दिया। और उन्होंने श्री ट्रम्प के इस दावे को खारिज कर दिया कि उन्होंने श्रमिकों के संघ का प्रतिनिधित्व करने में मदद करने के लिए पर्याप्त नहीं किया है। ""नरक, ​​मुझे पता है कि मैंने पिछले 30 वर्षों से क्या किया है,"" श्री जोन्स ने कहा, पेंशन और वेतन की ओर से अपने काम को ध्यान में रखते हुए, जो औसतन $ 23 प्रति घंटे है। लेकिन श्री जोंस ने यह भी कहा कि जब मजदूरों की आजीविका की रक्षा करने की कोशिश की जा रही थी, तो वह और उसी तरफ थे। उन्होंने कहा कि वह खुशी-खुशी मिस्टर ट्रम्प के साथ मिलकर सहयोग करेंगे ताकि 550 कैरियर की नौकरियों को बचाने की कोशिश की जाए जो अभी भी मेक्सिको में स्थानांतरित होने वाली है। ""अगर वह वास्तव में आज कहा जाता है, और कहा, get चलो 500 नौकरियों को बचाने के लिए एक साथ मिलें,"" मुझे खुशी है कि मैं कुछ भी करने के लिए संभवत: किसी भी फैशन में उसके साथ काम कर सकता हूं, ""श्री जोन्स ने कहा। ""मैं ऐसा नहीं कर रहा हूँ। ""व्हाइट हाउस के दिग्गजों का कहना है कि उन्हें नहीं पता कि श्री ट्रम्प से क्या उम्मीद की जानी चाहिए, जिनकी कार्रवाई चुनाव के बाद से कई राष्ट्रपति मानदंडों से टूट गई है। डेविड एक्सलरोड, जो राष्ट्रपति ओबामा के एक वरिष्ठ सलाहकार थे, ने कहा कि उन्होंने ओवल ऑफिस के वर्तमान रहने वाले को अतिरिक्त शक्ति से सावधान रहने की सलाह दी है कि उनके शब्दों को एक बार दुनिया के सबसे शक्तिशाली मेगाफोन द्वारा प्रवर्धित किया गया था। ""आपको लगता है कि क्या हो सकता है एक प्रकाश नल एक हॉवित्जर है,"" श्री Axelrod ने कहा। “जब आपके पास सबसे शक्तिशाली कार्यालय में आदमी होता है, जिसके लिए कोई लक्ष्य बहुत छोटा नहीं होता है, तो यह एक संभावना है। वह 140 अक्षरों में लोगों को नष्ट करने की क्षमता रखता है। पूरे अभियान के दौरान, मि। ट्रम्प ने टेलीविजन पर देखे गए संदेशों के जवाब में ट्विटर के संदेशों को धराशायी कर दिया, कभी-कभी विशिष्ट टेलीविजन हस्तियों जैसे कि मेगन केली या जो स्कारबोरो को नाम से पुकारते थे। श्री ट्रम्प चुनाव जीतने के बाद से नहीं रुके हैं। जब उन्होंने अमेरिकी ध्वज को जलाने वालों पर हमला करने के लिए 29 नवंबर को अचानक ट्विटर पर ले लिया, तो यह एक घटना के बारे में ""फॉक्स फ्रेंड्स"" खंड के कुछ ही समय बाद हुआ। हाल के हफ्तों में, श्री ट्रम्प ने सीएनएन रिपोर्टर जेफ ज़ेलेनी को कोसने वाले कई लोगों को रीट्वीट किया, और वह ""सैटरडे नाइट लाइव"" और शो के ट्रम्प प्रतिरूपक, एलेक बाल्डविन के आलोचक रहे हैं। क्या श्री ट्रम्प राष्ट्रपति के रूप में ट्विटर का उपयोग करना जारी रखेंगे, हालांकि यह स्पष्ट नहीं है कि श्री ट्रम्प की कक्षा के अंदर या बाहर के कुछ लोगों का मानना ​​है कि वे लाखों अनुयायियों को अपना डिजिटल कनेक्शन देंगे। श्री ट्रम्प के दो प्रवक्ता ने श्री जोन्स के बारे में अपने ट्विटर संदेश पर टिप्पणी मांगने वाले ईमेल का जवाब नहीं दिया। यदि वह ट्वीट करना जारी रखता है, तो श्री ट्रम्प को पता चल सकता है कि उनके शब्दों में नया वजन है और व्हाइट हाउस से आने पर उन्हें नया अर्थ दिया जाता है। सुश्री वालेस ने कहा कि वह दुनिया के नेताओं के साथ बैठकें कर सकती हैं जो अच्छी तरह से नहीं चलती हैं, और अपनी अस्वीकृति को ट्वीट करने के लिए लुभाती हैं। ""जो आपने ट्वीट में डाला है, वह अपरिवर्तनीय है। ऐसा नहीं है कि आप इसे वापस ले सकते हैं, ”सुश्री वालेस ने कहा। लेकिन उसने कहा कि वह उम्मीद करती है कि श्री ट्रम्प एक बार उद्घाटन करने के बाद अपना व्यवहार बदल देंगे। ""जब आप कार्यालय में आते हैं तो एक परिवर्तन हो सकता है, लेकिन यह आमतौर पर नीति पर होता है, व्यवहार में नहीं""। ""मुझे यकीन नहीं है कि कार्यालय उसकी प्रकृति को बदल देगा। """,माइकल डी। शीयर,0
8,13875,सब कुछ ऋग्वेद - इस चुनाव को छोड़कर,"छाप
डेमोक्रेट्स के अनुसार, जीवन में केवल एक चीज जो कि धांधली नहीं है, वह है चुनाव।
जब तक हिलेरी क्लिंटन प्रदूषकों के नेतृत्व में होने और जीतने की संभावना के रूप में कहा जाता है, तब तक ""प्रणाली"" केवल ठीक है - लेकिन केवल चुनाव प्रणाली।
अगर लोकतांत्रिक जीत होती है तो यह धांधली नहीं हो सकती। एक लोकतांत्रिक सत्ता में होना चीजों का स्वाभाविक क्रम है। मुझे लगता है कि यह वास्तव में डार्विन के विकासवादी सिद्धांत का एक हिस्सा हो सकता है। पहले प्रोटोजोआ, फिर मछली, फिर वानर, फिर निएंडरथल रिपब्लिकन और आखिरकार प्रबुद्ध प्रगतिशील डेमोक्रेट। यह कैसे होता है - सही है
यह मनोरंजक है कि वही लोग और पार्टी, जो दावा करते हैं कि अमेरिका में सब कुछ किसी तरह से धांधली है, यह हास्यास्पद लगता है जब रिपब्लिकन उम्मीदवार इस चुनाव का दावा करते हैं - और यह कि रिपब्लिकन मतदाता इस बार ""असंतुष्ट"" हैं।
इस वर्ष के अगस्त में, वाशिंगटन पोस्ट ने दावा किया कि एक्सॉन मोबिल हरित ऊर्जा के खिलाफ ""सिस्टम में हेराफेरी"" कर रहा है। बेशक वे कर रहे हैं। आखिरकार, वे बुराई ""बड़े तेल"" के पोस्टर-निगम हैं। पोस्ट लिखते हैं, ""पिछले साल की तरह, इसने कार्बन प्रदूषण के खतरों को कम करने वाले संगठनों को जारी रखा।""
इसलिए ""धांधली"" वह प्रणाली है जो न्यूयॉर्क और मैसाचुसेट्स के कम्युनिस्ट राज्यों के एजी, ""यह जांच कर रहे हैं कि क्या एक्सॉनमोबिल ने अपने निवासियों और शेयरधारकों को जलवायु परिवर्तन के बारे में भ्रामक रूप से बताकर राज्य कानूनों का उल्लंघन किया है।""
बड़ा तेल - जलवायु परिवर्तन - धांधली - जाँच।
2015 में, कैंब्रिज मास्टर ऑफ फाइनेंस कार्यक्रम के निदेशक, साइमन टेलर ने लिखा कि, ""बैंक कार्यकारी वेतन महिलाओं के खिलाफ धांधली प्रतीत होता है।"" उन्होंने पाया कि महिला बैंक '' पे पैकेजों में आमतौर पर प्रोत्साहन मुआवजे का स्तर बहुत कम होता है, '' महिलाओं को पुरुष समकक्षों की तुलना में बहुत कम है।
उसी वर्ष, NewStatesman.com ने लिखा कि, ""महिलाओं को यह सब नहीं करना चाहिए - क्योंकि खेल में धांधली हुई है।"" लेखक इस बात से परेशान है कि महिलाओं को एक उच्च-स्तरीय करियर बनाने और परिवार बढ़ाने में समय बिताने के बीच ""चुनना"" पड़ता है। हाँ मुझे पता है। यदि प्रणाली इतनी ""धांधली"" नहीं थी, तो महिलाएं यह सब कर सकती थीं - एक मॉडल परिवार और समान वेतन - जब तक, निश्चित रूप से, अगर वे क्लिंटन फाउंडेशन के लिए काम करते हैं।
महिला - समान वेतन - धांधली - जाँच
स्वाभाविक रूप से, सिस्टम गरीब और मध्यम वर्ग के खिलाफ ""कठोर"" है। मजदूर वर्ग के योद्धा, एलिजाबेथ वॉरेन, जिनकी कीमत लगभग 15 मिलियन डॉलर है, ने CNN के साथ एक साक्षात्कार में कहा: ""चलो बस असली स्पष्ट हो - खेल में धांधली है और यह उन लोगों के पक्ष में धांधली है जिनके पास पैसा है और जिनके पास शक्ति है,"" जैसे एलिजाबेथ वारेन।
मध्य वर्ग - गरीब - विश्व एकजुटता के कार्यकर्ता - धांधली - जाँच
सामान्य रूप से निरंकुश (निरर्थक) लोकतंत्रों और उदारवादियों के कई और उदाहरण हैं, जो इस ईथर प्रणाली को अपने छत्रछाया के तहत हर घटक समूह के खिलाफ धांधली करार देते हैं, कि मैं सभी वामपंथियों की सेमिनरी शिकायत का उल्लेख नहीं करना चाहूंगा। प्रणाली हमेशा अश्वेतों के खिलाफ धांधली रही है - विशेष रूप से न्याय प्रणाली।
अमेरिका में हर जगह, बाएं के अनुसार, एक कठोर न्याय प्रणाली के उदाहरण हैं, जहां अश्वेतों, अपने स्वयं के व्यवसाय को ध्यान में रखते हुए, गोल किया जाता है, गिरफ्तार किया जाता है, और संक्षेप में गोली मार दी जाती है। इस प्रणाली में इतनी धांधली हुई है, कि “जॉर्ज वाशिंगटन विश्वविद्यालय के कानून के प्रोफेसर पॉल बटलर, जो कि एक पूर्व संघीय अभियोजक हैं, ने सुझाव दिया है कि व्यापक जूरी निरसन होना चाहिए। In यह वास्तव में, काले जुआरियों की नैतिक जिम्मेदारी है कि वे कुछ दोषी काले शालियों को मुक्त करें। '' ''
अश्वेतों - सामाजिक न्याय - धांधली - जाँच
इस सब के साथ ""धांधली"" चल रही है, हो सकता है कि केवल उचित बात यह है कि हिलेरी और उनके मंत्रियों को जीतने के लिए जो कुछ भी करना है, इस प्रकार से इस कठोर प्रणाली के कुछ गलतियों को सुधारने की अनुमति है। कुछ दोषी लोकतांत्रिक डाकू को छुड़ाना हमारी नैतिक जिम्मेदारी होनी चाहिए।
डेमोक्रेट झूठ बोल रहे हैं और कैमरे पर धोखा दे रहे हैं - डेड पीपल वोटिंग - अवैध वोटिंग - चुनाव दंगा नहीं - चेक। शेयरों",आम संवैधानिक,1
9,13876,डियर मेनस्ट्रीम मीडिया: यू मेड दीपस्टेटगेट हैपन - ब्रेइटबार्ट,"CNN ने सोमवार सुबह निगरानी की कहानी पर जाँच की और वास्तव में जो चल रहा है, उसके बारे में गहराई से उलझन में लग रहा था: [एक विचारार्थक विचार जिसे पहले रेडियो होस्ट मार्क लेविन ने रखा था, अब वाशिंगटन भर में जल रहा है, राष्ट्रपति ट्रम्प के ट्वीट और भारी संख्या में सहायक टिप्पणीकारों द्वारा लगाया गया है। और वेबसाइटें - भले ही तथ्यों का निष्कर्ष नहीं निकला हो। Breitbart News ने साजिश के सिद्धांत को एक नाम दिया है: “DeepStateGate। ""अन्य"" ओबामागेट के साथ जा रहे हैं। ""और फॉक्स न्यूज के मेजबान शॉन हैनिटी पूछ रहे हैं:"" ओबामा को क्या पता था और उसे कब पता था? ?? "" लेविन का मूल विचार, गुरुवार को उन्नत था, पूर्व राष्ट्रपति बराक ओबामा और उनके सहयोगियों ने ट्रम्प के खिलाफ ""पुलिस राज्य"" की रणनीति का उपयोग करके ""मूक तख्तापलट"" किया है। लेविन समाचारों ने उनकी थीसिस का समर्थन किया और इसके खिलाफ कटौती की गई जानकारी को छोड़ दिया। अगले दिन, रश लिंबाघ ने लेविन की ""मूक तख्तापलट"" भाषा को गूँज दिया, और ब्रेइटबार्ट के स्तंभकार जोएल पोलाक ने उस मामले का ""विस्तारित संस्करण"" प्रकाशित किया। ""यह विचार ट्रम्प के रडार पर कैसे पहुंचा। वाइट हाउस के अधिकारी ने वेस्ट विंग में ""परिचालित"" लेख, सीएनएन के जेफ ज़ेलेनी को बताया, और जानकारी ""अनियंत्रित"" ट्रम्प। स्पष्ट होने के लिए, लेविन और लिम्बोघ और पोलाक ने कोई मूल रिपोर्टिंग प्रकाशित नहीं की। उन्होंने केवल कुछ बिंदुओं को जोड़ने का दावा किया। [जोर मेरा] शायद सीएनएन के लेखकों को अपनी प्रति को और अधिक ध्यान से पढ़ना चाहिए और अपने आप को बचाने के लिए कुछ व्यवहार करना चाहिए। यह ""मेजबान होस्ट मार्क लेविन, स्तंभकार जोएल पोलाक, या जोएल की मेरी साइडकिक, योर ट्रुली"" द्वारा दिया गया एक ""विचारशील विचार"" नहीं है। हम सभी पिछले कुछ महीनों में उन्मत्त गति के साथ मुख्यधारा के मीडिया को पढ़ते हुए केवल कहानियों को पढ़ रहे हैं। आपने DeepStateGate को मुख्यधारा की मीडिया बना दिया। आपने ओबामा प्रशासन में अपने पुराने पल्स से स्कूट्लबुट चलाया, ताकि आपका कीमती ""रूस हिलेरी से चुनाव चुराए!"" कथा जीवंत। आपने अपने पाठकों को यह विश्वास दिलाने के लिए नेतृत्व किया कि यह सभी कठिन समाचार थे, जो भरोसेमंद स्रोतों से ठोस बुद्धि पर आधारित थे। जैसा कि मैंने रविवार को उल्लेख किया है, कभी-कभी आपने ""यह सब आधारहीन श्रवण दफन किया है"" कहानियों में छह पैराग्राफों को अस्वीकार करता है, लेकिन सुर्खियों में राष्ट्रपति ट्रम्प द्वारा वायरटैप के बारे में चिल्लाया गया। यहाँ, उदाहरण के लिए, ब्रेइटबार्ट लंदन डिवीजन ऑफ़ ब्रेइटबार्ट न्यूज़: मम्मम के संपादक, रेक्टोन्टे रहीम कासम का एक अच्छा कैच है। pic। ट्विटर। - रहीम कसम (@RaheemKassam) 6 मार्च, 2017, यह शीर्षक, ""ट्रम्प आड्स की जांच में प्रयुक्त वायरटैप्ड डेटा,"" सबसे अधिक आश्वस्त रूप से उत्पादन नहीं था, और यह वायरटैपिंग के अस्तित्व के बारे में थोड़ा अस्पष्ट भी नहीं है। जेफ डनट्ज द लिड यह नोटिस करने में मदद नहीं कर सका कि ठीक उसी रिपोर्टर ने लिखा था कि जनवरी में न्यूयॉर्क टाइम्स का टुकड़ा अब यह दावा कर रहा है कि वह अपने सुर्खियों में है, ट्रम्प के पास उसी तथ्य के ""कोई सबूत नहीं हैं"" जो उन्होंने स्थापित तथ्य के रूप में रिपोर्ट किया था अभी दो महीने पहले। “यह उदारवादी मीडिया के पूर्वाग्रह में अंतिम है। जनवरी में माइकल एस। श्मिट ने यह अफवाह उड़ाई कि टीम ट्रम्प के रूसी कनेक्शन थे, और उनकी बात का समर्थन करने के लिए उन्होंने कहा कि ट्रम्प के लोगों को तार-तार कर दिया गया था। हालांकि जब राष्ट्रपति ट्रम्प ने दावा किया कि उनके लोगों को तार लगाया गया था, उसी लड़के, माइकल एस। श्मिट ने कहा, कोई सबूत नहीं था, ""डनट्ज़ ने देखा। यह एक पैमाने पर बैकपेडलिंग है, केवल यह देखने की उम्मीद होगी कि टूर डी फ्रांस के फिनिश लाइन में वेलोसिरैप्टर का एक पैकेट दिखाई दिया या नहीं। यह मदद नहीं करता है कि पत्रकारों ने उनकी कहानियों में कुछ ""कोई भी पुष्टि नहीं की जा सकती है"" खिसकाया है - निश्चित रूप से कई सोशल मीडिया लाउडस्पीकरों द्वारा छोड़ दिया गया है, जो ट्विटर स्ट्रीम और फेसबुक फीड में अपनी आकस्मिक सुर्खियों में थे। मीडिया की कहानियों में हमेशा दरारें थीं। कल तक, दरारें कहानियों की तुलना में अधिक महत्वपूर्ण हो गईं। अचानक मीडिया उनके कवरेज को गंभीरता से लेने की हिम्मत कर रहा है। खुफिया कहानियों के प्रमुख मीडिया कवरेज के साथ समस्या यह है कि शीर्ष अधिकारियों और नीति निर्माताओं को हमेशा जनता से अधिक जानकारी होती है। ट्रम्प के 2016 के चुनाव जीतने के बाद से मुख्यधारा की प्रेस गुमनाम लीक से इतनी दूर चली गई है कि वी द पीपल के पास उनके द्वारा लिखे गए किसी भी चीज का पूरी तरह से मूल्यांकन करने का कोई तार्किक साधन नहीं है। हम नहीं जानते कि इन कहानियों के स्रोत कौन हैं, या उनका एजेंडा क्या है - हालांकि संदेह करने वाले पाठक अनुमान लगा सकते हैं कि नए व्हाइट हाउस के खिलाफ इन गुमनाम लीक में से अधिकांश कैसे काटते हैं। केलीनेन कॉनवे ने सोमवार को फॉक्स फ्रेंड्स पर यह बात कही, जब उसने तर्क दिया कि राष्ट्रपति ट्रम्प के पास ""जानकारी और बुद्धिमत्ता है जो हममें से बाकी लोगों के पास नहीं है"": ""वह संयुक्त राज्य अमेरिका के राष्ट्रपति हैं। उसके पास जानकारी और बुद्धिमत्ता है जो हममें से बाकी लोग नहीं करते हैं। ” - @ केलीनेनपॉलस तस्वीर। ट्विटर। - फॉक्स मित्र (@foxandfriends) 6 मार्च, 2017, हमने इस तरह के दावे पहले भी कई बार सुना है, पक्षपातपूर्ण विभाजन के दोनों पक्षों से। उदाहरण के लिए, एनएसए निगरानी कार्यों के रक्षकों ने जोर देकर कहा कि वे राष्ट्रीय सुरक्षा के संरक्षण के लिए उपयोगी थे, लेकिन वे हमें वर्गीकृत विवरण नहीं दे सकते थे जो इसे साबित करेंगे। विपरीत दिशा से आलोचकों की भी यही समस्या थी। कई राष्ट्रीय सुरक्षा और कानून प्रवर्तन बहसें आश्वासन के साथ समाप्त होती हैं कि हमारे शीर्ष पुरुष और महिलाएं उन चीजों को जानते हैं जिनके बारे में वे हमें नहीं बता सकते। अब तक, मीडिया कवरेज गुमनाम लीकर्स द्वारा संचालित किया गया है जिन्होंने हमें आश्वासन दिया है कि वे उन चीजों को जानते हैं जिनके बारे में वे हमें नहीं बता सकते हैं, कुछ रसदार tidbits के बारे में बताते हुए वे जिनके बारे में बात करने वाले नहीं थे। संयुक्त राज्य अमेरिका के राष्ट्रपति बहुत अच्छी तरह से उस खेल को खेलने के लिए स्थित है। अगर ट्रम्प सख्ती से बड़े मीडिया आउटलेट्स और उनके पसंदीदा लीकर्स की रिपोर्टों से जा रहे हैं, तो गलती किसकी है कि उन्हें यकीन हो गया कि ओबामा प्रशासन उन पर जासूसी कर रहा है? मार्क लेविन ने CNN लेख के लिए अपनी प्रतिक्रिया में उस बिंदु को मारा: मैंने केवल उन कहानियों को एक साथ रखा है जो आपके पेशे ने सार्वजनिक रिकॉर्ड पर दर्ज की थीं। क्या आप इनकार करते हैं कि दो FISA एप्लिकेशन थे? क्या आप इनकार करते हैं कि पहले ठुकरा दिया गया था? क्या आप इनकार करते हैं कि दूसरे को मंजूरी दी गई थी? इसे फॉरेन इंटेलिजेंस सर्विलांस कोर्ट कहा जाता है। यह निगरानी के बारे में है। तथ्य यह है कि हम गोपनीयता के कारण सभी विवरणों को अस्वीकार नहीं कर सकते हैं, सिवाय इसके कि मीडिया ने क्या खुलासा किया है और सरकार द्वारा चयनात्मक लीक किया गया है, आपको और अधिक जानना चाहते हैं, न कि इसे इंगित करने वालों को बकवास करने के लिए। और हाँ, हम घटनाओं और अनुभव के आधार पर कई तार्किक प्रभाव डाल सकते हैं। एक FISA एप्लिकेशन एक बड़ी बात है। इस मामले में एक या दो, जिसमें अभियान सरोगेट्स शामिल हैं, या एक उम्मीदवार या अभियान से संबंधित सर्वर या कंप्यूटर, आदि एक बड़ी बात है। राष्ट्रपति ओबामा का बयान किसी भी चीज़ का निश्चित विवरण नहीं है, उनके अलावा, व्यक्तिगत रूप से, एक वायरटैप का आदेश नहीं दिया था, जिसका मैंने कभी दावा नहीं किया था। लेकिन इसका मतलब यह नहीं है कि वह अपने कई विभागों द्वारा निगरानी गतिविधि से अनजान थे, यहां तक ​​कि राष्ट्रपति को नियमित रिपोर्ट के माध्यम से, जैसे कि डेली इंटेल ब्रीफिंग या सूचना ने उन्हें या उनके कर्मचारियों को न्याय विभाग के माध्यम से एफबीआई गतिविधियों को फिर से बताया। लेविन ने उल्लेख किया कि ट्रम्प टॉवर के खिलाफ किसी भी FISA निगरानी का संचालन करने से इनकार किया गया था, जेम्स क्लैपर ने यह भी कहा कि ""रूसियों और ट्रम्प अभियान के बीच कोई संबंध नहीं पाया गया है। पिछले कुछ महीनों में मुख्यधारा के मीडिया कवरेज को जोड़कर निष्कर्ष तक पहुँचने के बजाय यह निष्कर्ष अलग होगा कि क्या यह नहीं है? शायद सीएनएन को ""षड्यंत्र के सिद्धांतों"" पर कटाक्ष करने से रोकना चाहिए और इस बारे में एक नज़र रखना चाहिए कि ब्लॉग कहानी के बारे में क्या कह रहा है। कल तक, वे दृढ़ता से आश्वस्त थे कि ट्रम्प और उनके अभियान के खिलाफ व्यापक निगरानी की गई थी, और इसने सभी प्रकार की हानिकारक जानकारी उत्पन्न की। राष्ट्रपति ट्रम्प ओबामा वायरटैपिंग के अपने आरोप के साथ विश्वसनीयता का एक अच्छा सौदा है। ओबामा के अधिकारी और बिग मीडिया के आउटलेट्स की ओर से उनके सामने टेबल पर बैठे होने के कारण उनके खिलाफ ज्यादा विश्वसनीयता नहीं है। जटिल विवादों में आमतौर पर जटिल परिणाम होते हैं, इसलिए स्मार्ट शर्त यह है कि दोनों पक्ष कुछ के साथ समाप्त हो जाएंगे जो उन्हें प्रतिशोध का दावा करने की अनुमति देता है, और हम सबसे अधिक संभावना है कि एक और विश्वसनीयता स्मैकडाउन होगी। इस बीच, मीडिया द्वारा लीक की गई सामग्री के आधार पर हम संभवतः रिपोर्ट में तीव्र कमी देखेंगे, जो कि डोनाल्ड ट्रम्प के विश्वास के बाद तक सही था।",जॉन हेवर्ड,0
10,13877,"अरब राजकुमार ने हिलेरी को $ 50 मिलियन दिए, जो ट्रम्प के लिए वोट करने के लिए अमेरिकी नहीं थे","ईमेल

एक सऊदी राजकुमार ने अमेरिकियों से आगामी आम चुनाव में डोनाल्ड ट्रम्प को वोट नहीं देने का आग्रह किया है। वह हिलेरी क्लिंटन के लिए लोगों को अपना वोट देने के लिए व्यावहारिक रूप से भीख माँगते हैं। हमारे लिए, यह पहाड़ी के लिए वोट करने के लिए एक बड़ा कारण नहीं है! उसे इस आदमी से 50 मिलियन डॉलर मिले। मुझे लगता है कि आप जानते हैं कि मैं किस बारे में बात कर रहा हूं। उनके सहयोग को जारी न रहने दें, क्योंकि यह अमेरिका के लिए बुरा है। आओ हम एक सच्चे देशभक्त को चुनें और देखें कि हमारा देश कहां जाएगा! मुझे यकीन है कि यह कुटिल हिलेरी की सड़क से बहुत बेहतर है।
2005 से 2007 तक सउदी अरब के राजदूत के रूप में सेवा करने वाले तुर्क अल-फैसल ने गुरुवार को वाशिंगटन, डीसी में एक विदेश नीति के रात्रिभोज के दौरान प्रकल्पित रिपब्लिकन उम्मीदवार के खिलाफ बात की।
उन्होंने मुसलमानों को अमेरिका में प्रवेश करने से रोकने के लिए ट्रम्प के प्रस्ताव को नष्ट कर दिया, जिसे अरबपति ने बुधवार को अपनी प्रतिज्ञा को नवीनीकृत करने से पहले पिछले साल दिसंबर में तैयार किया था।
'' मेरे जीवन के लिए, मैं विश्वास नहीं कर सकता कि संयुक्त राज्य अमेरिका जैसा देश किसी को राष्ट्रपति के रूप में रख सकता है, जो कहता है, '' इन लोगों को संयुक्त राज्य में आने की अनुमति नहीं है, '' तुर्की ने कहा हफ़िंगटन पोस्ट।
तुर्क ने कहा, ""यह आपके ऊपर है, यह मेरे ऊपर नहीं है।"" You मुझे उम्मीद है कि अमेरिकी नागरिक होने के नाते, नवंबर में आप सही चुनाव करेंगे। '
खाड़ी देश नींव के सबसे बड़े दाताओं में से तीन का प्रतिनिधित्व करते हैं, लेकिन यह शायद ही क्लिंटन के लिए उनके संबंधों की सीमा है। कतरी, यूएई और सऊदी कंपनियों ने बिल क्लिंटन को भाषणों के लिए लाखों डॉलर का भुगतान किया, जब हिलेरी ने राज्य के सचिव के रूप में कार्य किया, जब उन्होंने अमेरिकी रक्षा कंपनियों को अरबों डॉलर के तीनों देशों के साथ हथियारों के सौदे को मंजूरी दी, जिनमें से कई क्लिंटन भी हैं। फाउंडेशन दाताओं।
बिल क्लिंटन ने क्लिंटन फाउंडेशन परियोजनाओं पर उनके सहयोग के लिए कतरियों की ""बुद्धिमान, आगे की तलाश में"" निवेश भागीदारों के रूप में प्रशंसा की है। हिलेरी के शीर्ष सलाहकारों में से एक, चेरिल मिल्स, न्यूयॉर्क के बोर्ड में सेवा करते थे
अबू धाबी में विश्वविद्यालय परिसर। बिल क्लिंटन सऊदी के राजा प्रिंस तुर्क बिन फैसल अल सऊद के मित्र और पूर्व सहपाठी हैं, जिन्होंने हाल ही में मोरक्को के राजा द्वारा आयोजित माराकेच में एक भव्य क्लिंटन फाउंडेशन सम्मेलन में भाग लिया था। लिटिल रॉक में बिल क्लिंटन अध्यक्षीय पुस्तकालय को सऊदी रॉयल परिवार से $ 10 मिलियन के हिस्से में वित्त पोषित किया गया था।
तुर्क, जो वाशिंगटन, डीसी में जॉर्जटाउन विश्वविद्यालय गए, वर्तमान में सऊदिया अरब की सरकार का हिस्सा नहीं है, लेकिन एक सांस्कृतिक संगठन, जो राजनीति, समाजशास्त्र और विरासत में अनुसंधान आयोजित करता है, किंग फैसल सेंटर फॉर रिसर्च एंड इस्लामिक स्टडीज़ के अध्यक्ष के रूप में कार्य करता है।",,1
